"Date","forecast_Sing_covid","forecast_Sing_economic","forecast_Sing_health","forecast_Sing_response","forecast_Sing_stringency","forecast_UK_covid","forecast_UK_economic","forecast_UK_health","forecast_UK_response","forecast_UK_stringency","forecast_US_covid","forecast_US_economic","forecast_US_health","forecast_US_response","forecast_US_stringency"
2021-06-01,52.6512315283238,100.367641115174,69.3071680632346,73.1942998877904,58.3378151608512,3383.53310537946,99.6977841722265,64.2093344225985,68.6400424576322,62.4810385522508,6447.29008300402,49.8701263748452,62.8773362139191,61.2535731280394,47.1344133842696
2021-06-02,73.6275065938683,100.707208582907,69.2163321135752,73.156874505723,58.3478955470053,3488.9458382227,99.4076813996335,64.0826508398878,68.4937177703607,62.4607914041069,7111.28103912419,49.7787246635331,63.2661211675753,61.5820090294821,47.5266677720007
2021-06-03,88.6773609183096,101.026840400914,69.12682970744,73.1181546594409,58.3577103676128,3607.61427796034,99.1283744799272,63.9682856387,68.359420179821,62.4396307010865,7768.91708763677,49.7241772078672,63.6655546501287,61.9244015707646,47.9356291170053
2021-06-04,99.6568902841896,101.331944564164,69.0382116533211,73.0784184181465,58.3656375794082,3737.25425158464,98.8587148480935,63.8647739310833,68.2357370591352,62.4178657304313,8421.13934422437,49.7048953050998,64.0748559710434,62.2798657164838,48.3601929309124
2021-06-05,107.820704960773,101.626095693785,68.950173299479,73.0378424612144,58.3706639266461,3875.87856845686,98.5977012008949,63.7708252863867,68.1214252375408,62.3957518503369,9068.87321228007,49.7193207041568,64.4932647430512,62.647538358566,48.799284970532
2021-06-06,114.01796655314,101.911638801263,68.8625081739693,72.9965365726436,58.372183016118,4021.7596343827,98.3444608184269,63.6853024812184,68.015390273665,62.3734982410979,9713.01805134964,49.7659268725384,64.9200415070479,63.0265789831123,49.2518617540487
2021-06-07,118.824475303382,102.19009575784,68.7750766880689,72.954566787342,58.3698594322631,4173.39676734256,98.0982332426208,63.6072028886657,67.9166683073189,62.351274629174,10354.438827131,49.8432200560746,65.3544682163237,63.4161701924107,49.7169109249416
2021-06-08,122.631671991842,102.462438856529,68.687784992099,72.9119708971334,58.3635373368882,4329.48762271198,97.858356015478,63.5356421758441,67.8244101663025,62.3292171160195,10993.9594817583,49.949740151586,65.7958485957275,63.8155180978249,50.1934514805913
2021-06-09,125.706611289251,102.729274845629,68.6005706747444,72.8687688143109,58.3531790314002,4488.90321046,97.6242522172993,63.4698400204917,67.7378674454363,62.3074332267921,11632.3577934803,50.0840614105957,66.243508389768,64.2238525976791,50.6805338808178
2021-06-10,128.232377126389,102.990968658597,68.5133930763663,72.8249694753207,58.3388236980259,4650.6660520024,97.3954195779268,63.4091075937145,67.6563803106136,62.2860062794478,12270.3615219522,50.2447929905231,66.6967955122117,64.6404275528267,51.1772400500395
2021-06-11,130.335320721605,103.247726529164,68.426226714034,72.780575417913,58.3205597290028,4813.93108143758,97.171420962641,63.3528365878199,67.5793668117938,62.2649991619514,12908.645659362,50.4305793682455,67.155080108456,65.0645208713126,51.6826832853595
2021-06-12,132.10342013083,103.499651755947,68.3390568059737,72.7355857950794,58.2985062035746,4977.96894570858,96.951876059372,63.3004895959833,67.5063135160409,62.2444575941775,13547.8306289844,50.6401006295254,67.617754540797,65.4954345123877,52.1960080816412
2021-06-13,133.598657625226,103.7467820524,68.251876213251,72.6899983398135,58.2728005217041,5142.15140176492,96.7364541157408,63.251591674788,67.4367672954676,62.2244129413367,14188.4812917361,50.8720726465478,68.0842333056811,65.9324944191074,52.716389883517
2021-06-14,134.865366251213,103.989114501778,68.1646833389184,72.6438106267903,58.2435901796884,5305.93854682603,96.5248675935453,63.2057229419139,67.3703281257093,62.2048846372541,14831.1066381028,51.1252471546888,68.5539528911018,66.3750503878173,53.2430347732726
2021-06-15,135.935860286764,104.226622172128,68.0774806747243,72.5970208639317,58.2110273305691,5468.86765114733,96.3168666250091,63.1625120798342,67.3066427687159,62.1858822683818,15476.16005779,51.398411738611,69.0263715814701,66.8224758820012,53.7751791026496
2021-06-16,136.834235380325,104.459265122709,67.9902737864484,72.5496283706193,58.1752652153444,5630.54339169325,96.1122341696863,63.1216306325831,67.2453992294987,62.1674073629489,16124.0400926746,51.6903897368706,69.5009692165413,67.2741677972199,54.3120890758004
2021-06-17,137.578935176015,104.686997641498,67.9030705969689,72.5016338479782,58.1364558495027,5790.62931056903,95.9107817836783,63.0827879968605,67.1863218903475,62.1494549239645,16775.0915903961,52.0000400733872,69.9772469103129,67.7295461831985,54.8530602899011
2021-06-18,138.184486530941,104.909772952699,67.8158808720087,72.4530395120843,58.0947485504971,5948.84034421076,95.7123459239444,63.0457270211181,67.1291672381403,62.1320147398545,17429.6071863417,52.3262570233779,70.4547267352027,68.1880539285183,55.3974172392774
2021-06-19,138.662674256013,105.127546228442,67.728715844407,72.4038491376646,58.0502890272531,6104.93628875593,95.5167847202362,63.0102201371168,67.0737201109694,62.1150725021744,18087.8290509864,52.6679699206809,70.9329513762827,68.649156412826,55.9445127883093
2021-06-20,139.023337933689,105.340276466234,67.6415879335789,72.3540680441806,58.0032188440587,6258.71608397653,95.3239751556871,62.9760659579218,67.0197903995683,62.0986107560653,18749.9508477399,53.024142812778,71.4114837598499,69.1123411309868,56.4937276178501
2021-06-21,139.274913821385,105.547927610042,67.554510530863,72.3037030456312,57.9536751326525,6410.01281292155,95.1338106045238,62.9430862845593,66.967210147102,62.0826097058337,19416.1198536523,53.3937740692682,71.8899066601885,69.5771172931669,57.0444696494215
2021-06-22,139.424804732836,105.750469169181,67.4674978309167,72.2527623783097,57.9017904677255,6558.68932743044,94.9461986818669,62.9111234708231,66.9158309979781,62.0670478951396,20086.4392017372,53.7758959490434,72.3678222879765,70.0430154044368,57.5961734510154
2021-06-23,139.479633760357,105.947876505872,67.3805646956994,72.2012556159737,57.8476928489246,6704.63442092161,94.7610593662605,62.8800381020181,66.8655219524996,62.0519027787812,20760.9702092964,54.1695741309542,72.8448518634431,70.5095868271294,58.1482996279482
2021-06-24,139.445419488835,106.140130906195,67.293726541887,72.1491935786764,57.7915057512221,6847.75947982159,94.5783233605411,62.8497069489863,66.8161673896078,62.0371512008538,21439.7347616181,54.5739072123445,73.3206351770622,70.9764033288672,58.700334201862
2021-06-25,139.327698081682,106.327219511371,67.2069992454623,72.0965882393441,57.7333482181536,6987.99555358066,94.3979306609834,62.8200211635712,66.7676653246681,62.0227697921578,22122.7177248257,54.9880261794457,73.7948301402805,71.4430566188775,59.2517879806544
2021-06-26,139.131609352727,106.509135160904,67.1203990591942,72.0434526307502,57.6733349809131,7125.29079080492,94.2198293084561,62.7908846859154,66.7199258733963,62.0087352980557,22809.8693654932,55.4110938532892,74.267112328523,71.9091578749619,59.8021959218355
2021-06-27,138.861958365269,106.685876181948,67.0339425400358,71.9898007545576,57.6115765920278,7259.60819564057,94.0439742986295,62.7622128376844,66.6728698966321,61.9950248465136,23501.1077580802,55.8423043144698,74.737174518485,72.3743372632401,60.3511164915505
2021-06-28,138.5232603466,106.857446147785,66.9476464843765,71.9356474934607,57.5481795661689,7390.92366428084,93.8703266311716,62.7339310785246,66.6264278038162,61.981616164804,24196.3211642245,56.2808823098172,75.2047262215079,72.8382434525796,60.8981310212784
2021-06-29,138.119774176011,107.023853620529,66.8615278696857,71.8810085270253,57.4832465232328,7519.22426657408,93.6988524804016,62.7059739059187,66.5805384958083,61.9684877522155,24895.3703705489,56.7260826437632,75.6694932146509,73.3005431254305,61.4428430640048
2021-06-30,137.655527999156,107.185111887988,66.7756038015029,71.8259002515423,57.4168763305609,7644.50674203102,93.5295224720723,62.6782838810321,66.5351484300674,61.9556190151716,25598.0909739508,57.1771895569603,76.131217070897,73.760920486605,61.9848777514792
2021-07-01,137.134339372442,107.341238701124,66.6898914650107,71.7703397040229,57.3491642423216,7766.77618346429,93.3623110528929,62.6508107653424,66.4902107933575,61.9429903702949,26304.2956053559,57.6335160944871,76.5896546897782,74.2190767713881,62.5238811539947
2021-07-02,136.559831566156,107.4922560162,66.604408080618,71.7143444903418,57.280202034848,7886.04488480683,93.1971959410869,62.6235107547079,66.4456847689644,61.9305833202296,27013.7760847005,58.0944034657715,77.0445778295645,74.6747297542174,63.0595196439705
2021-07-03,135.935447132237,107.638189744159,66.5191708631185,71.6579327174592,57.2100781372373,8002.33133262326,93.0341576477555,62.5963457991941,66.4015348870383,61.9183805063885,27726.3055013886,58.5592203981911,77.4957726420377,75.1276132590452,63.5914792644818
2021-07-04,135.264459490697,107.779069508743,66.4341969840776,71.6011229296027,57.1388777568595,8115.65932339551,92.8731790601089,62.5692829984251,66.3577304480813,61.9063657422306,28441.6402158675,59.0273624861294,77.9430392107547,75.5774766723745,64.1194651037491
2021-07-05,134.549983049378,107.914928414139,66.3495035371699,71.5439340482636,57.0666829996422,8226.05719089465,92.7142450787473,62.5422940634726,66.3142450108303,61.8945240301963,29159.5217790842,59.4982515371232,78.3861910936024,76.0240844598533,64.6432006764848
2021-07-06,133.794982212031,108.04580282253,66.2651075062334,71.4863853158434,56.9935729851421,8333.55712995646,92.5573423021702,62.5153548374317,66.2710559368807,61.8828415649879,29879.6787676046,59.9713349165865,78.8250548703535,76.4672156872176,65.1624273128904
2021-07-07,133.00227952072,108.171732141596,66.1810257358427,71.428496242784,56.9196239565042,8438.19460466268,92.4024587525407,62.488444867775,66.2281439853274,61.8713057255273,30601.8285330315,60.4460848924736,79.2594696958475,76.9066635462816,65.6769035560018
2021-07-08,132.174563104577,108.292758621859,66.0972749042254,71.3702865580108,56.8449093854657,8540.00783043512,92.2495836374911,62.461547024431,66.1854929515278,61.8599050575945,31325.6788650924,60.9219979811198,79.6892868593459,77.3422348865974,66.1864045679944
2021-07-09,131.314393557162,108.408927163598,66.0138714983695,71.3117761625195,56.7695000725948,8639.03732087043,92.0987071434091,62.4346471582713,66.1430893448186,61.8486292488761,32050.9295684266,61.398594295389,80.1143693505384,77.7737497533283,66.690721545978
2021-07-10,130.424210330472,108.520285133043,65.9308317911797,71.2529850859439,56.6934642429699,8735.32549132012,91.9498202562255,62.4077337953621,66.1009221006622,61.8374690978938,32777.2739536142,61.8754168961558,80.5345914326173,78.2010409318189,67.1896611477442
2021-07-11,129.506337710643,108.626882187483,65.8481718205564,71.1939334459472,56.6168676375138,8828.91631213916,91.8029146062128,62.3807978628511,66.0589823232181,61.8264164781009,33504.4002434514,62.3520311480555,80.9498382227788,78.6239534992818,67.6830449278621
2021-07-12,128.562990424465,108.728770108914,65.7659073702795,71.1346414102854,56.5397736001938,8919.85500551068,91.6579823337589,62.3538324429207,66.0172630548637,61.8154642982184,34231.9928958666,62.8280240803509,81.3600052804576,79.0423443839658,68.1707087844562
2021-07-13,127.596278913587,108.826002645836,65.6840539525857,71.0751291613952,56.4622431613039,9008.18778043523,91.5150159734499,62.326832551623,65.975759069577,61.8046064597469,34959.7338451844,63.3030037536808,81.7649982035541,79.4560819321212,68.6525024169522
2021-07-14,126.608214307936,108.918635362853,65.6026267923407,71.015416863374,56.3843351170256,9093.9616012008,91.3740083541416,62.2997949398258,65.934466687491,61.7938378124389,35687.3036636878,63.7765986333846,82.1647322328752,79.8650454830326,69.1282887950234
2021-07-15,125.600713121837,109.006725497669,65.5216408127076,70.9555246312168,56.3061061054676,9177.22398520198,91.234952512984,62.2727179138153,65.8933836082387,61.7831541084,36414.3826456691,64.2484569700285,82.5591318649635,80.2691249523474,69.5979436389266
2021-07-16,124.575601693975,109.090331825158,65.4411106222235,70.8954725021865,56.2276106793719,9258.02282650512,91.0978416216252,62.2456011733988,65.8525087610004,61.7725519553871,37140.6518163062,64.7182461876921,82.948130473463,80.6682204238898,70.0613549113777
2021-07-17,123.534620389293,109.169514528144,65.3610505032003,70.8352804092037,56.1489013756605,9336.40624199651,90.9626689230393,62.2184456656062,65.8118421694113,61.7620287697749,37865.7938678379,65.1856522805212,83.3316699391302,81.0622417501176,70.5184223210783
2021-07-18,122.479427577811,109.244335074575,65.2814744013686,70.7749681561387,56.070028781997,9412.42243735717,90.8294276776244,62.1912534523182,65.7713848297125,61.7515827295907,38589.4940256063,65.6503792179915,83.7097002885772,81.4511081613449,70.9690568379722
2021-07-19,121.411603404975,109.314856100779,65.2023959166916,70.7145553949047,55.9910416005188,9486.11959043142,90.698111117383,62.1640275903391,65.7311386007111,61.7412127279439,39311.4408466075,66.1121483592837,84.0821793418023,81.8347478838277,71.413180220281
2021-07-20,120.332653365834,109.381141300496,65.1238282952769,70.6540616042508,55.9119867088944,9557.5457498746,90.5687124071484,62.13677202261,65.6911061042921,61.7309183271259,40031.3269532294,66.5706978771206,84.449072368543,82.2130977667831,71.8507245533392
2021-07-21,119.244011694913,109.443255319415,65.0457844223214,70.5935060701596,55.8329092188476,9626.74874720982,90.4412246119502,62.1094914794062,65.6512906353661,61.7206997136002,40748.8497048733,67.0257821913718,84.8103517534647,82.5861029183865,72.2816318002249
2021-07-22,118.147044582356,109.501263654949,64.9682768160236,70.5329078677625,55.7538525322823,9693.77612068562,90.3156406697313,62.082191388507,65.611696080275,61.710557654059,41463.7118101796,67.4771714126977,85.1659966701771,82.953716350773,72.705853364159
2021-07-23,117.043053225906,109.555232560972,64.8913176224058,70.4722858446823,55.6748583951413,9758.6750494636,90.1919533687155,62.0548777934132,65.5723268427725,61.7004934526985,42175.6218825516,67.9246507964572,85.5159927640542,83.3158986340474,73.1233496626265
2021-07-24,115.93327672909,109.605228957317,64.8149186109901,70.4116586057324,55.595966949108,9821.49229693763,90.0701553288314,62.0275572788384,65.5331877768268,61.6905089098089,42884.2949416395,68.3680202070803,85.8603318438193,83.6726175592898,73.5340897131526
2021-07-25,114.818894853137,109.651320343769,64.7390911712744,70.3510444988882,55.5172167812763,9882.27416203521,89.9502389866551,62.0002369027394,65.4942841255477,61.6806062817761,43589.4528634273,68.807093593066,86.1990115818396,84.023847810529,73.9380507306524
2021-07-26,113.701030631112,109.693574718358,64.6638463099573,70.2904616024637,55.4386449718894,9941.06643756781,89.8321965834142,61.9729241342679,65.4556214656413,61.6707882425477,44290.8247815169,69.2416984727395,86.5320352230641,84.3695706456381,74.3352177362558
2021-07-27,112.580752852173,109.73206049974,64.5891946488663,70.229927713423,55.3602871402478,9997.91437476614,89.7160201556479,61.945626797073,65.4172056568488,61.6610578466098,44988.1474421424,69.6716754308756,86.8594113025254,84.7097735860966,74.7255831774954
2021-07-28,111.459078422956,109.766846453471,64.5151464235438,70.1694603367663,55.2821774888842,10052.8626532657,89.6017015281698,61.9183530174605,65.3790427958961,61.6514184934951,45681.1655153892,70.096877626269,87.1811533713186,85.0444501155504,75.1091465597354
2021-07-29,110.336974612653,109.798001621994,64.4417114824471,70.1090766759242,55.2043488460935,10105.9553558912,89.4892323090264,61.8911111769609,65.3411391745262,61.6418738938352,46369.6318650511,70.5171703103061,87.497279730956,85.3735993870873,75.4859140887044
2021-07-30,109.215361188758,109.825595258164,64.3688992867253,70.04879362411,55.126832706899,10157.2359476489,89.3786038861795,61.8639098689003,65.3035012412313,61.6324280369591,47053.3077794354,70.9324303565774,87.8078131759962,85.6972259391424,75.855898323991
2021-07-31,108.095112448367,109.849696762135,64.2967189105315,69.9886277565672,55.0496592725425,10206.7472584493,89.2698074256794,61.8367578586315,65.2661355663537,61.6230851600206,47731.9631654337,71.3425458015405,88.1127807448292,86.01533941993,76.2191178433455
2021-08-01,106.977059151882,109.870375621468,64.2251790418382,69.9285953236679,54.9728574885646,10254.5314691031,89.1628338711229,61.8096640470977,65.2290488102489,61.6138497186397,48405.3767080184,71.7474153962327,88.4122134785011,86.3279543203004,76.5755969176297
2021-08-02,105.861990363955,109.8877013543,64.1542879837188,69.8687122448107,54.8964550815485,10300.6301001809,89.057673944212,61.7826374374341,65.1922476942316,61.6047263590384,49073.3359973167,72.146948169011,88.706146187451,86.6350897149045,76.9253651962455
2021-08-03,104.750655206391,109.901743455434,64.0840536560662,69.8089941030705,54.8204785945971,10345.0840034364,88.9543181462644,61.755687104372,65.1557389740778,61.5957198916277,49735.6376252967,72.54106299928,88.9946172260307,86.9367690115485,77.2684574028694
2021-08-04,103.643764528501,109.912571345223,64.014483597716,69.7494561405607,54.7449534215995,10387.9333554434,88.8527567605293,61.7288221661875,65.1195294158481,61.5868352660243,50392.0872540342,72.929688202159,89.2776682746711,87.2330197086137,77.6049130413143
2021-08-05,102.54199249824,109.92025432111,63.9455849689459,69.6901132544606,54.6699038403546,10429.2176532245,88.7529798551981,61.702051759012,65.0836257738505,61.578077547447,51042.4996574719,73.3127611240181,89.555344129558,87.5238731604088,77.9347761113342
2021-08-06,101.445978119678,109.924861511706,63.8773645543264,69.630979993675,54.5953530445979,10468.975711584,88.6549772869951,61.6753850132863,65.0480347705468,61.5694518944647,51686.6987384549,73.6902277488091,89.827692499675,87.8093643503251,78.258094834188
2021-08-07,100.356326679875,109.926461833305,63.8098287658948,69.572070556085,54.5213231749911,10507.2456620002,88.5587387052684,61.6488310322203,65.0127630782677,61.5609635380386,52324.5175228193,74.062042315098,90.0947638110686,88.0895316716507,78.5749213877679
2021-08-08,99.2736111290306,109.925123948697,63.7429836466289,69.5133987863556,54.4478353491215,10544.0649528317,88.4642535564904,61.6223988720727,64.9778173025661,61.5526177618289,52955.7981321688,74.4281669437016,90.3566110181915,88.3644167159085,78.8853116511043
2021-08-09,98.1983733978341,109.92091622821,63.6768348741992,69.4549781742682,54.3749096905565,10579.4703507317,88.3715110891079,61.596097524137,64.9432039671007,61.5444198837079,53580.3917369527,74.7885712758151,90.6132894221713,88.6340640685693,79.1893249580484
2021-08-10,97.1311256549278,109.913906712852,63.6113877649758,69.3968218535455,54.302565356999,10613.4979430738,88.2805003586725,61.5699358982796,64.9089294999094,61.5363752384471,54198.1584913509,75.1432321215154,90.8648564958602,88.898521111997,79.48702385994
2021-08-11,96.0723515081385,109.904163079492,63.5466472782713,69.3389426011393,54.2308205675838,10646.1831413114,88.1912102332063,61.5439228079384,64.8750002209845,61.5284891615207,54808.9674514167,75.492133118512,91.1113717155116,89.1578378354772,79.7784738970605
2021-08-12,95.0225071516517,109.891752607947,63.4826180207997,69.2813528369522,54.1596926293552,10677.5606851295,88.1036293987521,61.5180669564592,64.8414223310385,61.5207669739874,55412.6964778607,75.835264401011,91.352896398934,89.4120666521791,80.0637433786737
2021-08-13,93.9820224629457,109.876742149937,63.4193042513335,69.224064623969,54.0891979629608,10707.6646472846,88.0177463650676,61.4923769246715,64.8082019013693,61.5132139684069,56009.2321247812,76.1726222785534,91.5894935499696,89.6612622229022,80.3429031714568
2021-08-14,92.9513020510269,109.859198099794,63.3567098855408,69.1670896687678,54.0193521275993,10736.5284390732,87.9335494714324,61.4668611596272,64.7753448647542,61.5058353957395,56598.4695155979,76.5042089246808,91.8212277091477,89.905481286454,80.6160264961211
2021-08-15,91.9307262595973,109.83918636686,63.2948385009879,69.1104393223918,53.9501698452506,10764.1848163353,87.8510268925369,61.4415279644148,64.7428570072919,61.4986364531891,57180.3122073555,76.8300320752778,92.0481648103592,90.1447824965103,80.8831887320273
2021-08-16,90.9206521268347,109.816772349509,63.233693342291,69.0541245815574,53.8816650242219,10790.6658859012,87.7701666444205,61.416385488959,64.7107439611114,61.491622272953,57754.6720445279,77.1501047364355,92.2703720434036,90.3792262648038,81.1444672295952
2021-08-17,89.9214143036664,109.792020910705,63.1732773264021,68.9981560901731,53.8138507820408,10816.0031124608,87.6909565904457,61.3914417217591,64.6790111979057,61.484797911826,58321.469003379,77.4644449016762,92.4879177222578,90.6088746104919,81.3999411303128
2021-08-18,88.933325933896,109.764996355045,63.1135930480165,68.9425441411569,53.746739467716,10840.2273257782,87.6133844472822,61.3667044824914,64.647664023219,61.4781683416247,58880.6310279023,77.773075278374,92.7008711589148,90.8337910155488,81.6496911941485
2021-08-19,87.9566794965448,109.735762407214,63.0546427850882,68.8872986785233,53.6803426834011,10863.3687281966,87.537437790885,61.3421814154101,64.6167075714323,61.4717384403922,59432.0938582505,78.0760230232087,92.9093025426486,91.0540402860361,81.8937996341732
2021-08-20,86.9917476139914,109.704382191804,62.9964285044419,68.8324292997309,53.6146713054756,10885.4569024102,87.463104062453,61.3178799835052,64.5861468014065,61.4655129843434,59975.8008525831,78.3733194864811,93.1132828245541,91.2696884190976,82.1323499581995
2021-08-21,86.0387838259734,109.670918214425,62.9389518674691,68.7779452582652,53.5497355050751,10906.52081944,87.3903705743535,61.2938074633516,64.5559864927252,61.4594966405167,60511.7028031733,78.6649999651183,93.3128836072177,91.4808024755312,82.3654268172459
2021-08-22,85.0980233325856,109.635432344057,62.8822142358978,68.7238554664458,53.4855447680859,10926.5888468021,87.3192245160037,61.2699709406175,64.5262312425085,61.4536939600914,61039.7577475427,78.9511034641979,93.5081770393753,91.6874504577904,82.5931158606402
2021-08-23,84.1696837069457,109.597985796604,62.8262166776265,68.6701684984395,53.4221079146283,10945.6887568224,87.2496529596978,61.2463773061735,64.4968854627433,61.4481093723432,61559.9307753983,79.231672466815,93.6992357154138,91.8897011932674,82.8155035975727
2021-08-24,83.2539655791026,109.558639119577,62.7709599726109,68.6168925934644,53.3594331180484,10963.8477350686,87.1816428663726,61.2230332527706,64.4679533781044,61.4427471791989,62072.1938320564,79.5067527121184,93.8861325795761,92.0876242227145,83.0326772649166
2021-08-25,82.3510532931332,109.517452177879,62.7164446187961,68.5640356591732,53.2975279234318,10981.0923888928,87.1151810913059,61.1999452722479,64.4394390242295,61.4376115503599,62576.5255190149,79.7763929813376,94.068940834731,92.2812896936577,83.2447247011329
2021-08-26,81.461115538075,109.474484140631,62.6626708380852,68.5116052751996,53.2363992656638,10997.4487560377,87.0502543897394,61.177119653229,64.4113462464115,61.4327065189672,63072.9108923055,80.0406448916241,94.2477338555675,92.4707682586617,83.4517342260785
2021-08-27,80.5843059546733,109.429793469011,62.6096385823353,68.4596086968575,53.1760534870449,11012.9423133125,86.9868494224242,61.1545624792833,64.3836786986875,61.4280359777714,63561.3412591657,80.2995626975335,94.4225851060847,92.6561309783073,83.6537945265456
2021-08-28,79.7207637183152,109.383437905044,62.5573475393753,68.4080528589803,53.1164963544826,11027.5979853,86.9249527610824,61.1322796275118,64.356439843288,61.4236036757859,64041.8139736051,80.5532030999669,94.593568061239,92.8374492287397,83.8509945473522
2021-08-29,78.8706140997761,109.335474461329,62.5057971390354,68.3569443798873,53.0577330762734,11041.4401530757,86.8645508937808,61.1102767675272,64.3296329504201,61.4194132153963,64514.3322313505,80.8016250623989,94.7607561326193,93.0147946136538,84.043423387816
2021-08-30,78.0339690048761,109.285959411631,62.4549865591846,68.3062895654693,52.9997683184845,11054.4926629489,86.8056302302177,61.0885593608101,64.303261098369,61.4154680498957,64978.9048646291,81.044889634215,94.9242225980237,93.1882388805809,84.2311702034426
2021-08-31,77.2109274936291,109.23494828234,62.404914731768,68.2560944133805,52.9426062209553,11066.7788352062,86.7481771069191,61.0671326604161,64.2773271738934,61.4117714814184,65435.546137241,81.2830597809841,95.0840405348081,93.3578538413448,84.4143241126611
2021-09-01,76.4015762805668,109.182495844733,62.3555803488391,68.2063646173301,52.8862504129232,11078.3214728206,86.6921777923388,61.0460017109956,64.2518338728831,61.4083266592607,65884.2755403155,81.5162002214902,95.2402827568844,93.5237112965557,84.5929741084447
2021-09-02,75.605990216198,109.128656108013,62.30698186858,68.1571055714617,52.8307040282923,11089.1428701379,86.6376184918654,61.0251713491125,64.2267837012671,61.4051365785551,66325.1175891036,81.7443772713548,95.3930217552484,93.6858829640165,84.7672089746586
2021-09-03,74.8242327509841,109.073482313101,62.2591175213055,68.1083223748118,52.7759697205531,11099.2648215367,86.5844853527348,61.0046462038478,64.2021789761562,61.4022040792782,66758.1016211902,81.9676586930735,95.5423296419132,93.8444404109124,84.9371172069749
2021-09-04,74.0563563827843,109.017026927142,62.2119853154465,68.0600198358423,52.7220496773625,11108.7086300285,86.5327644688447,60.9844306976503,64.1780218271933,61.3995318455764,67183.2615964057,82.1861135523005,95.6882780971367,93.9994549896626,85.1027869382038
2021-09-05,73.3024030880104,108.959341638696,62.1655830435064,68.012202477035,52.668945634797,11117.4951158267,86.4824418854752,60.9645290474383,64.1543141981083,61.3971224053814,67600.6358987404,82.3998120802121,95.8309383198244,94.1509977773124,85.26430586789
2021-09-06,72.5624047378682,108.900477353591,62.1199082879881,67.9648745395449,52.6166588912856,11125.6446248483,86.4335036039117,60.9449452659181,64.1310578484503,61.3949781303028,68010.2671405258,82.608825541782,95.9703809809992,94.2991395183462,85.4217611960264
2021-09-07,71.8363834995151,108.8404841914,62.0749584272861,67.9180399879013,52.5651903212342,11133.1770371378,86.3859355859691,60.9256831630976,64.1082543554803,61.3931012357831,68412.2019691347,82.8132261098041,96.1066761802236,94.4439505708044,85.5752395607405
2021-09-08,71.1243522235464,108.779411482534,62.0307306415409,67.8717025147536,52.5145403883482,11140.1117752384,86.3397237584224,60.9067463480005,64.0859051162258,61.3914937814881,68806.4908764026,83.0130867445005,96.2398934048727,94.5855008555922,85.7248269798139
2021-09-09,70.4263148179824,108.717307765904,61.9872219184512,67.8258655456523,52.4647091586623,11146.4678124853,86.2948540173407,60.8881382305499,64.0640113496714,61.3901576719232,69193.1880109836,83.2084810785551,96.3701014921494,94.723859808866,85.8706087958953
2021-09-10,69.7422666094732,108.654220787143,61.944429059042,67.7805322438626,52.4156963132845,11152.2636812128,86.2513122323245,60.8698620236097,64.0425740990768,61.3890946572609,69572.3509938148,83.399483307413,96.4973685937396,94.8590963373899,86.0126696252734
2021-09-11,69.072194692414,108.590197497368,61.9023486833839,67.7357055152022,52.3675011608612,11157.5174808928,86.2090842506507,60.8519207451789,64.021594234415,61.3883063343578,69944.0407368489,83.5861680846915,96.6217621430105,94.9912787767544,86.1510933100782
2021-09-12,68.4160782657722,108.525284052433,61.860977236262,67.6913880128991,52.320122649774,11162.2468861758,86.1681559013211,60.8343172207154,64.0010724549124,61.3877941479563,70308.3212652123,83.7686104225472,96.7433488246501,95.1204748523528,86.2859628737798
2021-09-13,67.7738889591178,108.459525812691,61.8203109927905,67.6475821424634,52.2735593800706,11166.46915484,86.1285129990176,60.8170540855797,63.9810092916828,61.3875593920535,70665.2595428884,83.946885596851,96.8621945466565,95.2467516430137,86.417360479863
2021-09-14,67.1455911479633,108.392967343216,61.7803460639727,67.6042900665719,52.2278096151359,11170.2011356572,86.0901413479667,60.8001337875954,63.9614051104516,61.3876032114224,71014.9253020663,84.1210690570198,96.9783644145829,95.3701755471898,86.5453673935525
2021-09-15,66.531142258315,108.325652414468,61.7410784022017,67.5615137099557,52.1828712931136,11173.459276173,86.0530267457127,60.7835585897153,63.9422601143603,61.3879266032737,71357.3908762353,84.2912363403596,97.0919227079465,95.490812251605,86.6700639464703
2021-09-16,65.9304930613662,108.2576240034,61.7025038067009,67.5192547642901,52.1387420380816,11176.2596303728,86.0171549867992,60.7673305727682,63.9235743468314,61.388530419053,71692.7310371101,84.4574629907774,97.2029328587164,95.6087267022656,86.7915295041096
2021-09-17,65.3435879588981,108.188924294962,61.6646179289023,67.4775146930821,52.0954191709853,11178.6178662645,85.9825118663617,60.751451638297,63.9053476945006,61.3894153663553,72021.0228354527,84.6198244817214,97.3114574317925,95.7239830777435,86.909842436012
2021-09-18,64.7703652590657,108.119594684008,61.6274162777606,67.4362947365502,52.0528997203377,11180.549273352,85.9490831836319,60.7359235114647,63.8875798901984,61.3905820109521,72342.3454458641,84.7783961432085,97.4175581073929,95.8366447646393,87.0250800885366
2021-09-19,64.2107574435967,108.049675777573,61.5908942250013,67.3955959164955,52.0111804326873,11182.0687700147,85.9168547453552,60.7207477440278,63.8702705159794,61.392030778917,72656.7800155804,84.9332530928065,97.5212956652673,95.9467743351392,87.137318760115
2021-09-20,63.6646914264059,107.97920739751,61.5550470103021,67.3554190411579,51.9702577828637,11183.1909107885,85.8858123691226,60.7059257173702,63.853419006194,61.3937619588427,72964.4095173002,85.0844701704376,97.6227299706607,96.0544335265798,87.2466336788875
2021-09-21,63.1320888042785,107.90822858348,61.5198697464054,67.3157647100576,51.9301279839979,11183.9298935436,85.8559418866181,60.6914586455869,63.8370246505923,61.3957757041399,73265.3186060886,85.2321218768721,97.7219199619481,96.1596832229368,87.3530989826199
2021-09-22,62.6128660990879,107.836777596252,61.4853574241608,67.2766333188142,51.8907869973318,11184.2995665575,85.8272291467819,60.6773475786087,63.8210865974545,61.398072035412,73559.5934803634,85.3762823157856,97.8189236398657,96.2625834381569,87.4567877007995
2021-09-23,62.1069349928514,107.764891921335,61.4515049174963,67.238025063945,51.8522305418126,11184.3134354903,85.7996600188916,60.6635934053694,63.8056038567471,61.4006508428952,73847.3217469643,85.5170251392557,97.9137980582694,96.3631933012552,87.5577717388198
2021-09-24,61.614202555424,107.692608272897,61.4183069883188,67.1999399476378,51.8144541034809,11183.9846702499,85.7732203955623,60.6501968569984,63.7905753032916,61.4035118889589,74128.5922903108,85.654423496576,98.0065993163465,96.4615710431001,87.6561218641557
2021-09-25,61.1345714650001,107.619962597972,61.3857582913397,67.1623777824952,51.7774529446544,11183.3261117527,85.7478961956655,60.6371585100398,63.7759996799469,61.4066548106593,74403.495145647,85.7885499862677,98.0973825522166,96.5577739848118,87.7519076944416
2021-09-26,60.6679402216896,107.546990080945,61.353853378829,67.1253381962492,51.7412221129133,11182.3502785959,85.7236733671732,60.6244787896998,63.7618756008059,61.4100791223352,74672.1213763561,85.9194766111708,98.1862019378509,96.6518585277018,87.8451976873648
2021-09-27,60.2142033548709,107.473725148285,61.3225867052933,67.0888206364437,51.7057564498884,11181.0693736143,85.700537889921,60.6121579731017,63.7482015543887,61.4137842182459,74934.5629553039,86.047274736507,98.2731106752517,96.7438801446844,87.9360591322884
2021-09-28,59.7732516237192,107.400201473539,61.2919526320793,67.0528243750812,51.6710505998572,11179.4952903324,85.6784757782959,60.6001961925525,63.7349759068379,61.4177693752441,75190.9126502097,86.1720150507959,98.358160993826,96.8338933730914,88.0245581435228
2021-09-29,59.3449722120197,107.326451982545,61.2619454319028,67.0173485132349,51.637099018151,11177.6396193202,85.6574730838503,60.5885934388181,63.7221969051111,61.422033755475,75441.263912994,86.2937675295221,98.4414041488947,96.9219518088239,88.1107596551651
2021-09-30,58.9292489165112,107.252508858881,61.2325592932998,66.9823919856203,51.603895979378,11175.5136544526,85.6375158978424,60.577349564404,63.7098626801678,61.4265764090977,75685.7107730699,86.4126014014446,98.5228904212804,97.0081081017776,88.1947274174289
2021-10-01,58.52596233002,107.178403549516,61.2037883250029,66.9479535651282,51.5714355854621,11173.1283990435,85.618590353701,60.5664642868226,63.6979712501383,61.4313962770299,75924.3477345425,86.5285851174456,98.6026691179147,97.0924139524791,88.2765239943912
2021-10-02,58.1349900187685,107.104166770676,61.1756265602411,66.9140318673165,51.5397117735028,11170.4945719075,85.6006826294241,60.5559371918706,63.6865205234899,61.4364921937006,76157.2696772611,86.6417863218191,98.6807885734144,97.1749201098737,88.3562107630819
2021-10-03,57.7562066940713,107.029828513881,61.1480679609616,66.8806253548566,51.5087183234612,11167.622613304,85.5837789499041,60.5457677368879,63.6755083021698,61.4418628898152,76384.5717616584,86.7522718259035,98.7572961525723,97.2556763702075,88.4338479138495
2021-10-04,57.389484379341,106.955418052178,61.1211064219759,66.8477323419379,51.4784488656701,11164.5226907842,85.567865589185,60.5359552540083,63.6649322847313,61.4475069951257,76606.3493373611,86.8601075839591,98.8322382537115,97.334731576945,88.5094944519304
2021-10-05,57.0346925712319,106.88096394654,61.0947357750279,66.8153509986236,51.4488968881781,11161.2047049431,85.5529288726524,60.5264989533957,63.6547900694391,61.4534230412023,76822.6978554716,86.9653586712007,98.9056603128552,97.4121336216705,88.583208200162
2021-10-06,56.6916983968499,106.806494052423,61.0689497927862,66.7834793551622,51.4200557439212,11157.6782950661,85.5389551791563,60.517397926461,63.6450791573497,61.4596094642043,77033.712784497,87.0680892638942,98.9776068086643,97.4879294459187,88.6550458027714
2021-10-07,56.3603667654251,106.732035526479,61.0437421927583,66.7521153062489,51.391918657734,11153.952844681,85.5259309430694,60.5086511490606,63.6357969553673,61.4660646076454,77239.4895298292,87.1683626214313,99.0481212680974,97.5621650438854,88.7250627301823
2021-10-08,56.0405605156298,106.657614833414,61.0191066411287,66.7212566152385,51.364478733198,11150.0374870187,85.5138426562814,60.5002574846753,63.626940779274,61.4727867251494,77440.1233567341,87.2662410702948,99.1172462727497,97.6348854659682,88.7933132847802
2021-10-09,55.7321405585057,106.58325775297,60.9950367565197,66.6909009183083,51.3377289593298,11145.9411103668,85.5026768701294,60.4922156875587,63.6185078567267,61.4797739831978,77635.7093167679,87.3617859898341,99.1850234658283,97.7061348230904,88.8598506075792
2021-10-10,55.4349660158028,106.508989387046,60.9715261136762,66.6610457285688,51.3116622171148,11141.6723633433,85.4924201972685,60.4845244058676,63.6104953302296,61.4870244638598,77826.3421775682,87.4550577997691,99.2514935597211,97.7759562917608,88.9247266857347
2021-10-11,55.1488943542203,106.43483416693,60.9485682470739,66.6316884401239,51.2862712858846,11137.2396600641,85.4830593134797,60.4771821847583,63.6029002600691,61.4945361675094,78012.116355928,87.5461159493455,99.3166963441242,97.8443921198279,88.9879923608513
2021-10-12,54.8737815155562,106.360815860641,60.9261566544512,66.6028263320776,51.2615488495451,11132.6511852133,85.4745809594178,60.4701874694498,63.5957196272127,61.5023070155255,78193.1258540989,87.6350189080659,99.380670694686,97.9114836328842,89.0496973380336
2021-10-13,54.6094820427279,106.286957580374,60.9042848002662,66.5744565724875,51.2374875026536,11127.9148990438,85.4669719423047,60.4635386082675,63.5889503361841,61.5103348529644,78369.4641992456,87.721824157922,99.4434545821332,97.9772712412794,89.1098901956314
2021-10-14,54.3558492020113,106.213281790046,60.8829461190778,66.5465762222648,51.2140797563507,11123.0385422633,85.4602191375608,60.4572338556421,63.5825892178905,61.5186174512173,78541.2243859621,87.8065881870603,99.5050850818449,98.0417944477049,89.1686183956327
2021-10-15,54.1127351016812,106.139810312927,60.8621340188525,66.5191822390206,51.191318044145,11118.0296408458,85.4543094903831,60.4512713750813,63.5766330324204,61.5271525106387,78708.4988218013,87.8893664848087,99.5655983838393,98.1050918553095,89.2259282946593
2021-10-16,53.8799908064107,106.066564339343,60.8418418841959,66.4922714808549,51.1691947275597,11112.8955107458,85.4492300172669,60.4456492421029,63.5710784718,61.5359376631507,78871.3792757205,87.9702135379997,99.625029803142,98.1672011763109,89.2818651555213
2021-10-17,53.6574664487519,105.993564434475,60.8220630795113,66.4658407100938,51.147702101636,11107.643262528,85.4449678074729,60.4403654471315,63.5659221627108,61.5449704748193,79029.9568293926,88.0491828285238,99.6834137905038,98.2281592410679,89.3364731592873
2021-10-18,53.4450113365705,105.920830546205,60.8027909520839,66.4398865969679,51.1268324003,11102.2798059133,85.441510024443,60.4354178983599,63.5611606691709,61.5542484484009,79184.3218312693,88.1263268320541,99.7407839434402,98.288002007579,89.3897954178342
2021-10-19,53.2424740573029,105.848382013038,60.7840188350924,66.4144057232358,51.1065778015953,11096.8118542348,85.4388439071618,60.4308044245701,63.5567904951726,61.563769025859,79334.5638533636,88.2016970178765,99.797173017562,98.3467645713749,89.4418739868331
2021-10-20,53.0497025791255,105.776237572073,60.7657400505481,66.389394585753,51.0869304327791,11091.2459288128,85.436956771469,60.4265227779159,63.5528080872816,61.5735295908489,79480.7716506497,88.275343849772,99.8526129381706,98.4044811757744,89.4927498791381
2021-10-21,52.8665443482776,105.704415367028,60.7479479121624,66.3648495999808,51.0678823752916,11085.5883632464,85.4358360113202,60.4225706366658,63.5492098371945,61.5835274711703,79623.0331230039,88.3473167878923,99.9071348120933,98.4611852224734,89.5424630785416
2021-10-22,52.6928463839595,105.632932956309,60.730635728143,66.3407671034416,51.0494256695916,11079.845307625,85.4354690999997,60.4189456079062,63.5459920842553,61.5937599411846,79761.4352796307,88.4176642915739,99.9607689397312,98.5169092824387,89.5910525538615
2021-10-23,52.5284553700676,105.561807321124,60.7137968039205,66.3171433591184,51.0315523198658,11074.0227326536,85.4358435912844,60.4156452302015,63.5431511179284,61.6042242242,79896.064205871,88.4864338230401,100.013544827298,98.5716851070782,89.6385562733287
2021-10-24,52.3732177429512,105.491054873615,60.6974244448025,66.2939745587921,51.0142542986176,11068.1264337069,85.4369471205608,60.4126669762155,63.5406831802321,61.6149174948189,80027.0050323598,88.5536718519369,100.065491199223,98.625543639662,89.6850112192438
2021-10-25,52.2269797777943,105.42069146504,60.6815119585614,66.271256826328,50.9975235511265,11062.1620348019,85.4387674058968,60.4100082552904,63.5385844681284,61.6258368812498,80154.3419064164,88.6194238606567,100.116636010705,98.6785150269692,89.7304534028725
2021-10-26,52.0895876709187,105.350732393963,60.6660526579522,66.248986220902,50.9813519997896,11056.1349924831,85.4412922490647,60.4076664159783,63.5368511358663,61.6369794675858,80278.1579656108,88.6837343504022,100.167006460387,98.7306286311366,89.774917879553
2021-10-27,51.9608876197959,105.28119241447,60.6510398631623,66.2271587401695,50.9657315483447,11050.0505996468,85.4445095365241,60.4056387485371,63.5354792972886,61.6483422960413,80398.5353134576,88.7466468479423,100.21662900313,98.781913041684,89.8184387639864
2021-10-28,51.8407259006905,105.212085744404,60.6364669041952,66.2057703233811,50.9506540859725,11043.9139892891,85.4484072403595,60.4039224873839,63.534465028095,61.659922369152,80515.554997132,88.8082039130192,100.265529362889,98.8323960876981,89.8610492456856
2021-10-29,51.7289489429447,105.1434260736,60.6223271231874,66.1848168544376,50.9361114912868,11037.7301381675,85.4529734191745,60.4025148134989,63.5338043680576,61.6717166519392,80629.2969871493,88.8684471463638,100.313732545638,98.8821048501503,89.9027816045579
2021-10-30,51.6254034010975,105.075226572136,60.6086138766585,66.16429416489,50.9220956362102,11031.5038704059,85.4581962189452,60.4014128567937,63.5334933231998,61.6837220740335,80739.840158955,88.9274171982763,100.361262852355,98.9310656743303,89.9436672265978
2021-10-31,51.5299362244627,105.007499898575,60.5953205376987,66.144198036883,50.908598389738,11025.2398610174,85.464063873833,60.4006136984318,63.5335278679275,61.6959355317599,80847.2622763261,88.985153777738,100.408143892048,98.9793041823766,89.983736619667
2021-11-01,51.4423947241649,104.94025820822,60.5824404980899,66.1245242060422,50.895611621592,11018.9426393583,85.4705647069559,60.4001143731071,63.5339039471199,61.7083538901862,80951.6399765488,89.0416956620101,100.454398594783,99.0268452858838,90.0230194293419
2021-11-02,51.3626266378108,104.873513161345,60.5699671703654,66.1052683643046,50.8831272057667,11012.6165925226,85.4776871311226,60.399911871283,63.5346174781798,61.7209739851286,81053.0487572911,89.0970807066895,100.500049224733,99.0737131985719,90.0615444548069
2021-11-03,51.290480192208,104.807275931437,60.5578939898068,66.0864261626956,50.8711370239673,11006.2659686565,85.485419649527,60.4000031413836,63.5356643530376,61.7337926251211,81151.5629650961,89.1513458561828,100.545117393212,99.1199314489993,90.0993396647747
2021-11-04,51.2258041629422,104.741557213405,60.5462144163778,66.0679932140468,50.859632968947,10999.894880212,85.4937508564049,60.4003850919454,63.5370404401161,61.7468065933449,81247.2557854583,89.2045271545673,100.589624071681,99.1655228933049,90.136432213417
2021-11-05,51.168447932466,104.676367231782,60.5349219365991,66.0499650956611,50.8486069477384,10993.507307137,85.5026694376553,60.4010545937259,63.5387415862527,61.7600126495178,81340.1992343891,89.2566597568066,100.633589604727,99.2105097279643,90.1728484562862
2021-11-06,51.1182615456752,104.611715748909,60.5240100653616,66.0323373519216,50.8380508847855,10987.1070999924,85.5121641714235,60.4020084817671,63.5407636185784,61.7734075317461,81430.4641514423,89.3077779402895,100.677033722993,99.2549135025448,90.2086139662132
2021-11-07,51.0750957635535,104.547612073089,60.5134723476817,66.0151054968469,50.8279567249756,10980.6979830213,85.522223928652,60.4032435574232,63.5431023463599,61.7869879583337,81518.120194119,89.3579151166633,100.719975556051,99.2987551324483,90.2437535491651
2021-11-08,51.038802114317,104.484065066717,60.5033023603971,65.9982650165896,50.8183164365748,10974.283557138,85.532837673594,60.404756590339,63.5457535627951,61.8007506295574,81603.2358335895,89.4071038439347,100.762433645204,99.3420549116278,90.2782912600504
2021-11-09,51.0092329433688,104.421083154386,60.4934937138064,65.9818113718849,50.8091220140654,10967.8673028641,85.5439944642943,60.4065443203893,63.5487130467701,61.8146922293994,81685.8783517016,89.4553758388088,100.804425956216,99.3848325252658,90.3122504184539
2021-11-10,50.9862414601664,104.358674330949,60.48404005325,65.9657400004405,50.8003654808928,10961.4525832075,85.5556834530385,60.4086034595789,63.5519765645779,61.828809427242,81766.1138391855,89.502761989243,100.845969891948,99.4271070624036,90.3456536242935
2021-11-11,50.9696817841616,104.296846169559,60.4749350606377,65.9500463192775,50.7920388921158,10955.042646481,85.5678938867682,60.4109306939012,63.5555398715955,61.8430988795241,81844.0071950326,89.5492923671893,100.887082304911,99.4688970285115,90.3785227733825
2021-11-12,50.9594089883113,104.235605829661,60.4661724559194,65.9347257270171,50.7841343369682,10948.6406290574,85.5806151074658,60.4135226851528,63.5593987139212,61.8575572313586,81919.6221269567,89.5949962415042,100.927779509699,99.5102203579894,90.4108790728894
2021-11-13,50.9552791407058,104.17496006495,60.457745998502,65.9197736061132,50.7766439413316,10942.2495580782,85.593836552508,60.4163760727133,63.5635488299739,61.8721811181118,81993.021152936,89.6399020909996,100.968077295327,99.5510944265874,90.4427430566813
2021-11-14,50.957149344736,104.114915231278,60.4496494886134,65.9051853250355,50.7695598701194,10935.8723540905,85.6075477549885,60.4194874752769,63.5679859520504,61.8869671669475,82064.2656037411,89.6840376176174,101.007990937443,99.5915360637403,90.4741346005438
2021-11-15,50.9648777772776,104.055477294531,60.4418767686144,65.8909562403998,50.7628743295744,10929.5118336436,85.6217383440126,60.4228534925521,63.5727058078478,61.9019119983299,82133.4156264182,89.7274297597058,101.047535210415,99.6315615648054,90.5050729372671
2021-11-16,50.9783237251148,103.99665183844,60.4344217242578,65.8770816990471,50.7565795694839,10923.1707118231,85.6363980449619,60.4264707069173,63.5777041219463,61.9170122274918,82200.5301886776,89.7701047053777,101.086724399295,99.6711867031971,90.5355766715887
2021-11-17,50.9973476199552,103.938444072357,60.427278285898,65.8635570400734,50.7506678853091,10916.8516047398,85.651516679732,60.4303356850418,63.5829766172562,61.9322644658645,82265.6670841428,89.8120879059335,101.125572311638,99.7104267424106,90.5656637949866
2021-11-18,51.0218110713333,103.880858838969,60.4204404296497,65.850377596807,50.7451316202364,10910.557031959,85.667084166942,60.4344449794653,63.5885190164265,61.9476653224716,82328.8829384066,89.8534040893304,101.164092289194,99.7492964479295,90.5953517003141
2021-11-19,51.0515768984656,103.823900621966,60.4139021784985,65.8375386987386,50.7399631671453,10904.2894188822,85.6830905221162,60.4387951301392,63.5943270432158,61.963211405288,82390.2332158696,89.8940772736812,101.202297219435,99.7878100990078,90.624657196269
